https://www3.shoalhaven.nsw.gov.au/masterviewUI/modules/ApplicationMaster/default.aspx?page=wrapper&key=732614&propkey=78731,PCD25/1535,,"134 Old Southern Rd, WORRIGEE"
https://www3.shoalhaven.nsw.gov.au/masterviewUI/modules/ApplicationMaster/default.aspx?page=wrapper&key=732616&propkey=1005284,PCD25/1536,,"32 Myrtle Drive, BADAGARANG"
https://www3.shoalhaven.nsw.gov.au/masterviewUI/modules/ApplicationMaster/default.aspx?page=wrapper&key=732618&propkey=1003906,PCD25/1537,,"71 Patrina Cct, ST GEORGES BASIN"
https://www3.shoalhaven.nsw.gov.au/masterviewUI/modules/ApplicationMaster/default.aspx?page=wrapper&key=732620&propkey=1004278,PCD25/1538,,"6 Gipsy Moth St, BADAGARANG"
https://www3.shoalhaven.nsw.gov.au/masterviewUI/modules/ApplicationMaster/default.aspx?page=wrapper&key=732627&propkey=1004459,PCD25/1539,,"24 Sabre St, BADAGARANG"
https://www3.shoalhaven.nsw.gov.au/masterviewUI/modules/ApplicationMaster/default.aspx?page=wrapper&key=732638&propkey=37592,PCD25/1540,,"12 Park Rd, NOWRA"
https://www3.shoalhaven.nsw.gov.au/masterviewUI/modules/ApplicationMaster/default.aspx?page=wrapper&key=732657&propkey=1005297,PCD25/1541,,"68 Wirraway Bvd, BADAGARANG"
https://www3.shoalhaven.nsw.gov.au/masterviewUI/modules/ApplicationMaster/default.aspx?page=wrapper&key=732676&propkey=33622,PCD25/1542,,"3 Glenhaven Av, NORTH NOWRA"
https://www3.shoalhaven.nsw.gov.au/masterviewUI/modules/ApplicationMaster/default.aspx?page=wrapper&key=732693&propkey=19125,PCD25/1543,,"13 Woodglen Cr, MOLLYMOOK BEACH"
https://www3.shoalhaven.nsw.gov.au/masterviewUI/modules/ApplicationMaster/default.aspx?page=wrapper&key=732718&propkey=16538,PCD25/1544,,"11 Princes Hwy, BURRILL LAKE"
https://www3.shoalhaven.nsw.gov.au/masterviewUI/modules/ApplicationMaster/default.aspx?page=wrapper&key=732776&propkey=1004446,PCD25/1545,,"19 Sabre St, BADAGARANG"
https://www3.shoalhaven.nsw.gov.au/masterviewUI/modules/ApplicationMaster/default.aspx?page=wrapper&key=732801&propkey=17444,PCD25/1546,,"36 Normandy St, NARRAWALLEE"
https://www3.shoalhaven.nsw.gov.au/masterviewUI/modules/ApplicationMaster/default.aspx?page=wrapper&key=732832&propkey=87135,PCD25/1547,,"72 Bennett Pl, WORRIGEE"
https://www3.shoalhaven.nsw.gov.au/masterviewUI/modules/ApplicationMaster/default.aspx?page=wrapper&key=732833&propkey=28868,PCD25/1548,,"166 Princes Hwy, MILTON"
https://www3.shoalhaven.nsw.gov.au/masterviewUI/modules/ApplicationMaster/default.aspx?page=wrapper&key=732886&propkey=1005327,PCD25/1549,,"27 Corymbia Way, BADAGARANG"
https://www3.shoalhaven.nsw.gov.au/masterviewUI/modules/ApplicationMaster/default.aspx?page=wrapper&key=732891&propkey=1005326,PCD25/1550,,"29 Corymbia Way, BADAGARANG"
https://www3.shoalhaven.nsw.gov.au/masterviewUI/modules/ApplicationMaster/default.aspx?page=wrapper&key=732912&propkey=1005513,PCD25/1551,,"100 Lancaster Dr, BADAGARANG"
https://www3.shoalhaven.nsw.gov.au/masterviewUI/modules/ApplicationMaster/default.aspx?page=wrapper&key=732919&propkey=89179,PCD25/1552,,"9 Victa Way, BOMADERRY"
https://www3.shoalhaven.nsw.gov.au/masterviewUI/modules/ApplicationMaster/default.aspx?page=wrapper&key=732956&propkey=92684,PCD25/1553,,"41 Hewitt Av, ST GEORGES BASIN"
https://www3.shoalhaven.nsw.gov.au/masterviewUI/modules/ApplicationMaster/default.aspx?page=wrapper&key=733007&propkey=4295,PCD25/1554,,"62 Prince Edward Av, CULBURRA BEACH"
https://www3.shoalhaven.nsw.gov.au/masterviewUI/modules/ApplicationMaster/default.aspx?page=wrapper&key=733027&propkey=25906,PCD25/1555,,"41 Mercury Dr, LAKE TABOURIE"
https://www3.shoalhaven.nsw.gov.au/masterviewUI/modules/ApplicationMaster/default.aspx?page=wrapper&key=733031&propkey=1003896,PCD25/1556,,"42 Patrina Cct, ST GEORGES BASIN"
https://www3.shoalhaven.nsw.gov.au/masterviewUI/modules/ApplicationMaster/default.aspx?page=wrapper&key=733036&propkey=1005295,PCD25/1557,,"72 Wirraway Bvd, BADAGARANG"
https://www3.shoalhaven.nsw.gov.au/masterviewUI/modules/ApplicationMaster/default.aspx?page=wrapper&key=733048&propkey=1004399,PCD25/1558,,"118 Lancaster Dr, BADAGARANG"
https://www3.shoalhaven.nsw.gov.au/masterviewUI/modules/ApplicationMaster/default.aspx?page=wrapper&key=733118&propkey=2605,PCD25/1559,,"16 Allerton Av, CULBURRA BEACH"
https://www3.shoalhaven.nsw.gov.au/masterviewUI/modules/ApplicationMaster/default.aspx?page=wrapper&key=733122&propkey=1005810,PCD25/1560,,"156 Marina Lane, CULBURRA BEACH"
https://www3.shoalhaven.nsw.gov.au/masterviewUI/modules/ApplicationMaster/default.aspx?page=wrapper&key=733194&propkey=5153,PCD25/1561,,"30 Albert St, BERRY"
https://www3.shoalhaven.nsw.gov.au/masterviewUI/modules/ApplicationMaster/default.aspx?page=wrapper&key=733247&propkey=1003932,PCD25/1562,,"11 Boree St, ULLADULLA"
https://www3.shoalhaven.nsw.gov.au/masterviewUI/modules/ApplicationMaster/default.aspx?page=wrapper&key=733256&propkey=2456,PCD25/1563,,"21 King St, BERRY"
https://www3.shoalhaven.nsw.gov.au/masterviewUI/modules/ApplicationMaster/default.aspx?page=wrapper&key=733320&propkey=6671,PCD25/1564,,"49 Lachlan Cr, ST GEORGES BASIN"
https://www3.shoalhaven.nsw.gov.au/masterviewUI/modules/ApplicationMaster/default.aspx?page=wrapper&key=733368&propkey=96023,PCD25/1565,,"15 Tom Thumb Av, SOUTH NOWRA"
https://www3.shoalhaven.nsw.gov.au/masterviewUI/modules/ApplicationMaster/default.aspx?page=wrapper&key=733371&propkey=6756,PCD25/1566,,"28 Loralyn Av, ST GEORGES BASIN"
https://www3.shoalhaven.nsw.gov.au/masterviewUI/modules/ApplicationMaster/default.aspx?page=wrapper&key=733399&propkey=2417,PCD25/1567,,"57 Victoria St, BERRY"
https://www3.shoalhaven.nsw.gov.au/masterviewUI/modules/ApplicationMaster/default.aspx?page=wrapper&key=733408&propkey=1004888,PCD25/1568,,"5 Sunningdale Av, SUSSEX INLET"
https://www3.shoalhaven.nsw.gov.au/masterviewUI/modules/ApplicationMaster/default.aspx?page=wrapper&key=733410&propkey=1004918,PCD25/1569,,"19 Sunningdale Av, SUSSEX INLET"
https://www3.shoalhaven.nsw.gov.au/masterviewUI/modules/ApplicationMaster/default.aspx?page=wrapper&key=733423&propkey=92754,PCD25/1570,,"169 Stringybark Rd, NOWRA HILL"
https://www3.shoalhaven.nsw.gov.au/masterviewUI/modules/ApplicationMaster/default.aspx?page=wrapper&key=733427&propkey=18210,PCD25/1571,,"55 Donlan Rd, MOLLYMOOK BEACH"
https://www3.shoalhaven.nsw.gov.au/masterviewUI/modules/ApplicationMaster/default.aspx?page=wrapper&key=733434&propkey=10259,PCD25/1572,,"35 Vickery Av, SANCTUARY POINT"
https://www3.shoalhaven.nsw.gov.au/masterviewUI/modules/ApplicationMaster/default.aspx?page=wrapper&key=733442&propkey=26845,PCD25/1573,,"35 Jones Av, MOLLYMOOK BEACH"
https://www3.shoalhaven.nsw.gov.au/masterviewUI/modules/ApplicationMaster/default.aspx?page=wrapper&key=733462&propkey=117333,PCD25/1574,,"31 Bowerbird St, SOUTH NOWRA"
https://www3.shoalhaven.nsw.gov.au/masterviewUI/modules/ApplicationMaster/default.aspx?page=wrapper&key=733505&propkey=1005282,PCD25/1575,,"36 Myrtle Drive, BADAGARANG"
https://www3.shoalhaven.nsw.gov.au/masterviewUI/modules/ApplicationMaster/default.aspx?page=wrapper&key=733529&propkey=1004888,PCD25/1576,,"5 Sunningdale Av, SUSSEX INLET"
https://www3.shoalhaven.nsw.gov.au/masterviewUI/modules/ApplicationMaster/default.aspx?page=wrapper&key=733534&propkey=1005527,PCD25/1577,,"8 Altitude St, BADAGARANG"
https://www3.shoalhaven.nsw.gov.au/masterviewUI/modules/ApplicationMaster/default.aspx?page=wrapper&key=733540&propkey=1005539,PCD25/1578,,"19 Runway St, BADAGARANG"
https://www3.shoalhaven.nsw.gov.au/masterviewUI/modules/ApplicationMaster/default.aspx?page=wrapper&key=733543&propkey=1005528,PCD25/1579,,"6 Altitude St, BADAGARANG"
https://www3.shoalhaven.nsw.gov.au/masterviewUI/modules/ApplicationMaster/default.aspx?page=wrapper&key=733544&propkey=99058,PCD25/1580,,"10 Victoria St, BERRY"
https://www3.shoalhaven.nsw.gov.au/masterviewUI/modules/ApplicationMaster/default.aspx?page=wrapper&key=733546&propkey=1005514,PCD25/1581,,"98 Lancaster Dr, BADAGARANG"
https://www3.shoalhaven.nsw.gov.au/masterviewUI/modules/ApplicationMaster/default.aspx?page=wrapper&key=733547&propkey=36060,PCD25/1582,,"4 Ian St, ULLADULLA"
https://www3.shoalhaven.nsw.gov.au/masterviewUI/modules/ApplicationMaster/default.aspx?page=wrapper&key=733559&propkey=1005552,PCD25/1583,,"68 Lancaster Dr, BADAGARANG"
https://www3.shoalhaven.nsw.gov.au/masterviewUI/modules/ApplicationMaster/default.aspx?page=wrapper&key=733574&propkey=1005277,PCD25/1584,,"26 Spitfire St, BADAGARANG"
https://www3.shoalhaven.nsw.gov.au/masterviewUI/modules/ApplicationMaster/default.aspx?page=wrapper&key=733576&propkey=1004434,PCD25/1585,,"18 Altitude St, BADAGARANG"
https://www3.shoalhaven.nsw.gov.au/masterviewUI/modules/ApplicationMaster/default.aspx?page=wrapper&key=733588&propkey=1005551,PCD25/1586,,"66 Lancaster Dr, BADAGARANG"
https://www3.shoalhaven.nsw.gov.au/masterviewUI/modules/ApplicationMaster/default.aspx?page=wrapper&key=733627&propkey=91738,PCD25/1587,,"20 Kinghorne St, NOWRA"
https://www3.shoalhaven.nsw.gov.au/masterviewUI/modules/ApplicationMaster/default.aspx?page=wrapper&key=733680&propkey=1001189,PCD25/1588,,"Myrtle Forest Dr, MILTON"
https://www3.shoalhaven.nsw.gov.au/masterviewUI/modules/ApplicationMaster/default.aspx?page=wrapper&key=733724&propkey=1004279,PCD25/1589,,"8 Gipsy Moth St, BADAGARANG"
https://www3.shoalhaven.nsw.gov.au/masterviewUI/modules/ApplicationMaster/default.aspx?page=wrapper&key=733778&propkey=1001319,PCD25/1590,,"1 Mussel Ct, HUSKISSON"
https://www3.shoalhaven.nsw.gov.au/masterviewUI/modules/ApplicationMaster/default.aspx?page=wrapper&key=733784&propkey=1002684,PCD25/1591,,"7 Clover Ct, CAMBEWARRA VILLAGE"
https://www3.shoalhaven.nsw.gov.au/masterviewUI/modules/ApplicationMaster/default.aspx?page=wrapper&key=733785&propkey=20556,PCD25/1592,,"14 Highview Dr, DOLPHIN POINT"
https://www3.shoalhaven.nsw.gov.au/masterviewUI/modules/ApplicationMaster/default.aspx?page=wrapper&key=733789&propkey=6309,PCD25/1593,,"15 Collett Pl, ST GEORGES BASIN"
https://www3.shoalhaven.nsw.gov.au/masterviewUI/modules/ApplicationMaster/default.aspx?page=wrapper&key=733826&propkey=21809,PCD25/1594,,"23 Wood Cr, HUSKISSON"
https://www3.shoalhaven.nsw.gov.au/masterviewUI/modules/ApplicationMaster/default.aspx?page=wrapper&key=733830&propkey=1003518,PCD25/1595,,"15 Hilder Cl, MILTON"
https://www3.shoalhaven.nsw.gov.au/masterviewUI/modules/ApplicationMaster/default.aspx?page=wrapper&key=733833&propkey=70441,PCD25/1596,,"100 O'Keeffes Lane, JASPERS BRUSH"
https://www3.shoalhaven.nsw.gov.au/masterviewUI/modules/ApplicationMaster/default.aspx?page=wrapper&key=733834&propkey=47609,PCD25/1597,,"8 Bimbimbie Av, BANGALEE"
https://www3.shoalhaven.nsw.gov.au/masterviewUI/modules/ApplicationMaster/default.aspx?page=wrapper&key=733873&propkey=19113,PCD25/1598,,"18 Valley Dr, MOLLYMOOK BEACH"
https://www3.shoalhaven.nsw.gov.au/masterviewUI/modules/ApplicationMaster/default.aspx?page=wrapper&key=733893&propkey=1005654,PCD25/1599,,"81B Kangaroo Valley Rd, BERRY"
https://www3.shoalhaven.nsw.gov.au/masterviewUI/modules/ApplicationMaster/default.aspx?page=wrapper&key=733951&propkey=18476,PCD25/1600,,"48 Linden Way, MOLLYMOOK BEACH"
https://www3.shoalhaven.nsw.gov.au/masterviewUI/modules/ApplicationMaster/default.aspx?page=wrapper&key=733956&propkey=1003880,PCD25/1601,,"10 Patrina Cct, ST GEORGES BASIN"
https://www3.shoalhaven.nsw.gov.au/masterviewUI/modules/ApplicationMaster/default.aspx?page=wrapper&key=733984&propkey=38926,PCD25/1602,,"23 McKenzie St, NOWRA"
https://www3.shoalhaven.nsw.gov.au/masterviewUI/modules/ApplicationMaster/default.aspx?page=wrapper&key=733987&propkey=1003879,PCD25/1603,,"8 Patrina Cct, ST GEORGES BASIN"
https://www3.shoalhaven.nsw.gov.au/masterviewUI/modules/ApplicationMaster/default.aspx?page=wrapper&key=734024&propkey=11304,PCD25/1604,,"8 Greentree Av, SUSSEX INLET"
https://www3.shoalhaven.nsw.gov.au/masterviewUI/modules/ApplicationMaster/default.aspx?page=wrapper&key=734025&propkey=20598,PCD25/1605,,"11 Seaside Pde, DOLPHIN POINT"
https://www3.shoalhaven.nsw.gov.au/masterviewUI/modules/ApplicationMaster/default.aspx?page=wrapper&key=734061&propkey=1004487,PCD25/1606,,"132 Lancaster Dr, BADAGARANG"
https://www3.shoalhaven.nsw.gov.au/masterviewUI/modules/ApplicationMaster/default.aspx?page=wrapper&key=734068&propkey=45985,PCD25/1607,,"420 Wattamolla Rd, WATTAMOLLA"
https://www3.shoalhaven.nsw.gov.au/masterviewUI/modules/ApplicationMaster/default.aspx?page=wrapper&key=734078&propkey=119501,PCD25/1608,,"15 Frangipani Av, ULLADULLA"
https://www3.shoalhaven.nsw.gov.au/masterviewUI/modules/ApplicationMaster/default.aspx?page=wrapper&key=734126&propkey=1005099,PCD25/1609,,"107 Wirraway Bvd, BADAGARANG"
https://www3.shoalhaven.nsw.gov.au/masterviewUI/modules/ApplicationMaster/default.aspx?page=wrapper&key=734133&propkey=1005098,PCD25/1610,,"105 Wirraway Bvd, BADAGARANG"
https://www3.shoalhaven.nsw.gov.au/masterviewUI/modules/ApplicationMaster/default.aspx?page=wrapper&key=734134&propkey=23838,PCD25/1611,,"62 Curvers Dr, MANYANA"
https://www3.shoalhaven.nsw.gov.au/masterviewUI/modules/ApplicationMaster/default.aspx?page=wrapper&key=734135&propkey=1005718,PCD25/1612,,"4 Sandhurst Cr, MOLLYMOOK BEACH"
https://www3.shoalhaven.nsw.gov.au/masterviewUI/modules/ApplicationMaster/default.aspx?page=wrapper&key=734155&propkey=1005284,PCD25/1613,,"32 Myrtle Drive, BADAGARANG"
https://www3.shoalhaven.nsw.gov.au/masterviewUI/modules/ApplicationMaster/default.aspx?page=wrapper&key=734173&propkey=1005323,PCD25/1614,,"35 Corymbia Way, BADAGARANG"
https://www3.shoalhaven.nsw.gov.au/masterviewUI/modules/ApplicationMaster/default.aspx?page=wrapper&key=734182&propkey=27436,PCD25/1615,,"73 Chapman St, CALLALA BAY"
https://www3.shoalhaven.nsw.gov.au/masterviewUI/modules/ApplicationMaster/default.aspx?page=wrapper&key=734193&propkey=117853,PCD25/1616,,"49 Reserve Rd, BASIN VIEW"
https://www3.shoalhaven.nsw.gov.au/masterviewUI/modules/ApplicationMaster/default.aspx?page=wrapper&key=734194&propkey=1004314,PCD25/1617,,"11 Eumundi Av, BADAGARANG"
https://www3.shoalhaven.nsw.gov.au/masterviewUI/modules/ApplicationMaster/default.aspx?page=wrapper&key=734221&propkey=86305,PCD25/1618,,"140 Illaroo Rd, NORTH NOWRA"
https://www3.shoalhaven.nsw.gov.au/masterviewUI/modules/ApplicationMaster/default.aspx?page=wrapper&key=734222&propkey=93310,PCD25/1619,,"103 Sophia Rd, WORRIGEE"
https://www3.shoalhaven.nsw.gov.au/masterviewUI/modules/ApplicationMaster/default.aspx?page=wrapper&key=734252&propkey=1004913,PCD25/1620,,"10 Barnbougle Way, SUSSEX INLET"
https://www3.shoalhaven.nsw.gov.au/masterviewUI/modules/ApplicationMaster/default.aspx?page=wrapper&key=734307&propkey=22222,PCD25/1621,,"6 Greenwell St, CURRARONG"
https://www3.shoalhaven.nsw.gov.au/masterviewUI/modules/ApplicationMaster/default.aspx?page=wrapper&key=734352&propkey=23147,PCD25/1622,,"21 Derwent Dr, CUDMIRRAH"
https://www3.shoalhaven.nsw.gov.au/masterviewUI/modules/ApplicationMaster/default.aspx?page=wrapper&key=734356&propkey=84654,PCD25/1623,,"8 Alexandra St, BERRY"
https://www3.shoalhaven.nsw.gov.au/masterviewUI/modules/ApplicationMaster/default.aspx?page=wrapper&key=734429&propkey=1004801,PCD25/1624,,"118 Old Southern Rd, WORRIGEE"
https://www3.shoalhaven.nsw.gov.au/masterviewUI/modules/ApplicationMaster/default.aspx?page=wrapper&key=734446&propkey=1005279,PCD25/1625,,"22 Spitfire St, BADAGARANG"
https://www3.shoalhaven.nsw.gov.au/masterviewUI/modules/ApplicationMaster/default.aspx?page=wrapper&key=734447&propkey=31609,PCD25/1626,,"31 Balmoral Rd, BURRILL LAKE"
https://www3.shoalhaven.nsw.gov.au/masterviewUI/modules/ApplicationMaster/default.aspx?page=wrapper&key=734448&propkey=11175,PCD25/1627,,"61 Glanville Rd, SUSSEX INLET"
https://www3.shoalhaven.nsw.gov.au/masterviewUI/modules/ApplicationMaster/default.aspx?page=wrapper&key=734463&propkey=40185,PCD25/1628,,"4 Morschel Av, NORTH NOWRA"
https://www3.shoalhaven.nsw.gov.au/masterviewUI/modules/ApplicationMaster/default.aspx?page=wrapper&key=734480&propkey=118397,PCD25/1629,,"24 Osprey Rd, SOUTH NOWRA"
https://www3.shoalhaven.nsw.gov.au/masterviewUI/modules/ApplicationMaster/default.aspx?page=wrapper&key=734502&propkey=1003883,PCD25/1630,,"16 Patrina Cct, ST GEORGES BASIN"
https://www3.shoalhaven.nsw.gov.au/masterviewUI/modules/ApplicationMaster/default.aspx?page=wrapper&key=734537&propkey=38058,PCD25/1631,,"383 Hawken Rd, TOMERONG"
https://www3.shoalhaven.nsw.gov.au/masterviewUI/modules/ApplicationMaster/default.aspx?page=wrapper&key=734543&propkey=1004964,PCD25/1632,,"15 Alpha Road, BADAGARANG"
https://www3.shoalhaven.nsw.gov.au/masterviewUI/modules/ApplicationMaster/default.aspx?page=wrapper&key=734573&propkey=14738,PCD25/1633,,"3 Hunt St, OLD EROWAL BAY"
https://www3.shoalhaven.nsw.gov.au/masterviewUI/modules/ApplicationMaster/default.aspx?page=wrapper&key=734575&propkey=121413,PCD25/1634,,"15 Familia Pl, WANDANDIAN"
https://www3.shoalhaven.nsw.gov.au/masterviewUI/modules/ApplicationMaster/default.aspx?page=wrapper&key=734577&propkey=121150,PCD25/1635,,"64 Gemini Way, NARRAWALLEE"
https://www3.shoalhaven.nsw.gov.au/masterviewUI/modules/ApplicationMaster/default.aspx?page=wrapper&key=734596&propkey=19134,PCD25/1636,,"18 Woodglen Cr, MOLLYMOOK BEACH"
https://www3.shoalhaven.nsw.gov.au/masterviewUI/modules/ApplicationMaster/default.aspx?page=wrapper&key=734658&propkey=1001091,PCD25/1637,,"47 Nethercote St, MOLLYMOOK"
https://www3.shoalhaven.nsw.gov.au/masterviewUI/modules/ApplicationMaster/default.aspx?page=wrapper&key=734663&propkey=17262,PCD25/1638,,"30 Macleay St, NARRAWALLEE"
https://www3.shoalhaven.nsw.gov.au/masterviewUI/modules/ApplicationMaster/default.aspx?page=wrapper&key=734677&propkey=84362,PCD25/1639,,"7 Rectory Park Way (Priv), KANGAROO VALLEY"
https://www3.shoalhaven.nsw.gov.au/masterviewUI/modules/ApplicationMaster/default.aspx?page=wrapper&key=734694&propkey=1001812,PCD25/1640,,"164C Princes Hwy, SOUTH NOWRA
5/164C Princes Hwy, SOUTH NOWRA"
https://www3.shoalhaven.nsw.gov.au/masterviewUI/modules/ApplicationMaster/default.aspx?page=wrapper&key=734720&propkey=14587,PCD25/1641,,"5 Beths St, OLD EROWAL BAY"
https://www3.shoalhaven.nsw.gov.au/masterviewUI/modules/ApplicationMaster/default.aspx?page=wrapper&key=734724&propkey=91041,PCD25/1642,,"7/20 Anne St, VINCENTIA"
https://www3.shoalhaven.nsw.gov.au/masterviewUI/modules/ApplicationMaster/default.aspx?page=wrapper&key=734808&propkey=90362,PCD25/1643,,"32 East St, NOWRA"
https://www3.shoalhaven.nsw.gov.au/masterviewUI/modules/ApplicationMaster/default.aspx?page=wrapper&key=734851&propkey=92304,PCD25/1644,,"11 Monterey Dr, NOWRA HILL"
https://www3.shoalhaven.nsw.gov.au/masterviewUI/modules/ApplicationMaster/default.aspx?page=wrapper&key=734855&propkey=63563,PCD25/1645,,"1 Prowse Cl, VINCENTIA"
https://www3.shoalhaven.nsw.gov.au/masterviewUI/modules/ApplicationMaster/default.aspx?page=wrapper&key=734872&propkey=76822,PCD25/1646,,"33 Claylands Dr, ST GEORGES BASIN"
https://www3.shoalhaven.nsw.gov.au/masterviewUI/modules/ApplicationMaster/default.aspx?page=wrapper&key=734915&propkey=49928,PCD25/1647,,"511C Coolangatta Rd, FAR MEADOW"
https://www3.shoalhaven.nsw.gov.au/masterviewUI/modules/ApplicationMaster/default.aspx?page=wrapper&key=734963&propkey=28345,PCD25/1648,,"87 Queen Mary St, CALLALA BEACH"
https://www3.shoalhaven.nsw.gov.au/masterviewUI/modules/ApplicationMaster/default.aspx?page=wrapper&key=732788&propkey=4903,SFH2025/1134,,"12 Tulip St, HYAMS BEACH"
https://www3.shoalhaven.nsw.gov.au/masterviewUI/modules/ApplicationMaster/default.aspx?page=wrapper&key=732986&propkey=1002242,SFH2025/1135,,"12 Birkdale Cct, SUSSEX INLET"
https://www3.shoalhaven.nsw.gov.au/masterviewUI/modules/ApplicationMaster/default.aspx?page=wrapper&key=732998&propkey=92921,SFH2025/1136,,"22A Woorawa Lane, LITTLE FOREST"
https://www3.shoalhaven.nsw.gov.au/masterviewUI/modules/ApplicationMaster/default.aspx?page=wrapper&key=733276&propkey=90327,SFH2025/1137,,"351 Gannet Rd, NOWRA HILL"
https://www3.shoalhaven.nsw.gov.au/masterviewUI/modules/ApplicationMaster/default.aspx?page=wrapper&key=733335&propkey=1004111,SFH2025/1139,,"24 Serenity Rdge, BERRY"
https://www3.shoalhaven.nsw.gov.au/masterviewUI/modules/ApplicationMaster/default.aspx?page=wrapper&key=733496&propkey=7054,SFH2025/1140,,"272 The Wool Rd, ST GEORGES BASIN"
https://www3.shoalhaven.nsw.gov.au/masterviewUI/modules/ApplicationMaster/default.aspx?page=wrapper&key=733497&propkey=1000116,SFH2025/1141,,"56A Bunberra St, BOMADERRY"
https://www3.shoalhaven.nsw.gov.au/masterviewUI/modules/ApplicationMaster/default.aspx?page=wrapper&key=733908&propkey=2202,SFH2025/1142,,"420 Back Forest Rd, FAR MEADOW"
https://www3.shoalhaven.nsw.gov.au/masterviewUI/modules/ApplicationMaster/default.aspx?page=wrapper&key=733917&propkey=10710,SFH2025/1143,,"28 Warrego Dr, SANCTUARY POINT"
https://www3.shoalhaven.nsw.gov.au/masterviewUI/modules/ApplicationMaster/default.aspx?page=wrapper&key=733955&propkey=70427,SFH2025/1145,,"122 Parma Rd, PARMA"
https://www3.shoalhaven.nsw.gov.au/masterviewUI/modules/ApplicationMaster/default.aspx?page=wrapper&key=734435&propkey=3065,SFH2025/1148,,"86 East Cr, CULBURRA BEACH"
https://www3.shoalhaven.nsw.gov.au/masterviewUI/modules/ApplicationMaster/default.aspx?page=wrapper&key=734619&propkey=1001747,SFH2025/1149,,"5 Moonah Av, MOLLYMOOK BEACH"
https://www3.shoalhaven.nsw.gov.au/masterviewUI/modules/ApplicationMaster/default.aspx?page=wrapper&key=734870&propkey=29047,SFH2025/1150,,"25 Edendale St, WOOLLAMIA"
https://www3.shoalhaven.nsw.gov.au/masterviewUI/modules/ApplicationMaster/default.aspx?page=wrapper&key=734885&propkey=1002497,SFH2025/1151,,"391 Kangaroo Valley Rd, BERRY MOUNTAIN"
https://www3.shoalhaven.nsw.gov.au/masterviewUI/modules/ApplicationMaster/default.aspx?page=wrapper&key=732625&propkey=90046,DA25/2066,2/09/2025,"90 Princes Hwy, MILTON"
https://www3.shoalhaven.nsw.gov.au/masterviewUI/modules/ApplicationMaster/default.aspx?page=wrapper&key=732629&propkey=1003095,DA25/2068,2/09/2025,"7 Ringtail Loop, TAPITALLEE"
https://www3.shoalhaven.nsw.gov.au/masterviewUI/modules/ApplicationMaster/default.aspx?page=wrapper&key=732637&propkey=95540,DA25/2069,2/09/2025,"27 Lacebark Gr, WORRIGEE"
https://www3.shoalhaven.nsw.gov.au/masterviewUI/modules/ApplicationMaster/default.aspx?page=wrapper&key=732658&propkey=2543,DA25/2072,3/09/2025,"6 Addison Rd, CULBURRA BEACH"
https://www3.shoalhaven.nsw.gov.au/masterviewUI/modules/ApplicationMaster/default.aspx?page=wrapper&key=732678&propkey=20493,MA25/1291,4/09/2025,"14 Plover Cl, SUSSEX INLET"
https://www3.shoalhaven.nsw.gov.au/masterviewUI/modules/ApplicationMaster/default.aspx?page=wrapper&key=732641&propkey=24981,DA25/2070,5/09/2025,"9 Coolibah Av, CONJOLA PARK"
https://www3.shoalhaven.nsw.gov.au/masterviewUI/modules/ApplicationMaster/default.aspx?page=wrapper&key=732717&propkey=87394,DA25/2076,5/09/2025,"92 Tallawalla Way, TERMEIL"
https://www3.shoalhaven.nsw.gov.au/masterviewUI/modules/ApplicationMaster/default.aspx?page=wrapper&key=732824&propkey=1005095,DA25/2083,5/09/2025,"99 Wirraway Bvd, BADAGARANG"
https://www3.shoalhaven.nsw.gov.au/masterviewUI/modules/ApplicationMaster/default.aspx?page=wrapper&key=732853&propkey=46755,DA25/2086,5/09/2025,"Hancocks Creek Rd, WANDANDIAN"
https://www3.shoalhaven.nsw.gov.au/masterviewUI/modules/ApplicationMaster/default.aspx?page=wrapper&key=732857&propkey=21790,DA25/2087,5/09/2025,"64 Wallaroy Dr, BURRILL LAKE"
https://www3.shoalhaven.nsw.gov.au/masterviewUI/modules/ApplicationMaster/default.aspx?page=wrapper&key=732865&propkey=30982,DA25/2088,5/09/2025,"49 Mulgen Cr, BOMADERRY"
https://www3.shoalhaven.nsw.gov.au/masterviewUI/modules/ApplicationMaster/default.aspx?page=wrapper&key=733047&propkey=121992,DA25/2098,8/09/2025,"12 Brooks Lane, KANGAROO VALLEY"
https://www3.shoalhaven.nsw.gov.au/masterviewUI/modules/ApplicationMaster/default.aspx?page=wrapper&key=732697&propkey=99219,DA25/2074,9/09/2025,"3 Eyrie Bowrie Dr, MILTON"
https://www3.shoalhaven.nsw.gov.au/masterviewUI/modules/ApplicationMaster/default.aspx?page=wrapper&key=732911&propkey=32883,DA25/2092,9/09/2025,"41 Nowra Rd, CURRARONG
44 Warrain Cr, CURRARONG"
https://www3.shoalhaven.nsw.gov.au/masterviewUI/modules/ApplicationMaster/default.aspx?page=wrapper&key=733076&propkey=49268,DA25/2101,9/09/2025,"58 East Cr, CULBURRA BEACH"
https://www3.shoalhaven.nsw.gov.au/masterviewUI/modules/ApplicationMaster/default.aspx?page=wrapper&key=732800&propkey=1005021,DA25/2081,10/09/2025,"Culburra Rd, CULBURRA BEACH"
https://www3.shoalhaven.nsw.gov.au/masterviewUI/modules/ApplicationMaster/default.aspx?page=wrapper&key=732902&propkey=91227,DA25/2091,10/09/2025,"11 Sundowner Av, BERRARA
13 Sundowner Av, BERRARA
15 Sundowner Av, BERRARA
17 Sundowner Av, BERRARA
19 Sundowner Av, BERRARA
21 Sundowner Av, BERRARA"
https://www3.shoalhaven.nsw.gov.au/masterviewUI/modules/ApplicationMaster/default.aspx?page=wrapper&key=733010&propkey=1001109,DA25/2096,10/09/2025,"22 Bendoura St, MOLLYMOOK"
https://www3.shoalhaven.nsw.gov.au/masterviewUI/modules/ApplicationMaster/default.aspx?page=wrapper&key=733336&propkey=967,DA25/2113,10/09/2025,"39 Comarong St, GREENWELL POINT"
https://www3.shoalhaven.nsw.gov.au/masterviewUI/modules/ApplicationMaster/default.aspx?page=wrapper&key=733177&propkey=24954,MA25/1297,10/09/2025,"55 Carroll Av, LAKE CONJOLA"
https://www3.shoalhaven.nsw.gov.au/masterviewUI/modules/ApplicationMaster/default.aspx?page=wrapper&key=733328&propkey=18835,DA25/2112,11/09/2025,"203 Mitchell Pde, MOLLYMOOK BEACH"
https://www3.shoalhaven.nsw.gov.au/masterviewUI/modules/ApplicationMaster/default.aspx?page=wrapper&key=733391&propkey=1004412,DA25/2121,11/09/2025,"7 Wedgetail St, BADAGARANG"
https://www3.shoalhaven.nsw.gov.au/masterviewUI/modules/ApplicationMaster/default.aspx?page=wrapper&key=733304&propkey=1005021,MA25/1300,11/09/2025,"Culburra Rd, CULBURRA BEACH"
https://www3.shoalhaven.nsw.gov.au/masterviewUI/modules/ApplicationMaster/default.aspx?page=wrapper&key=733323&propkey=116476,DA25/2111,12/09/2025,"11 Kioloa St, HUSKISSON"
https://www3.shoalhaven.nsw.gov.au/masterviewUI/modules/ApplicationMaster/default.aspx?page=wrapper&key=733461&propkey=12264,DA25/2124,12/09/2025,"6 Teal Pl, SUSSEX INLET"
https://www3.shoalhaven.nsw.gov.au/masterviewUI/modules/ApplicationMaster/default.aspx?page=wrapper&key=733479&propkey=43799,DA25/2126,12/09/2025,"189 Parnell Rd, TOMERONG"
https://www3.shoalhaven.nsw.gov.au/masterviewUI/modules/ApplicationMaster/default.aspx?page=wrapper&key=733340&propkey=90651,MA25/1301,12/09/2025,"773B Mt Scanzi Rd, BUDGONG"
https://www3.shoalhaven.nsw.gov.au/masterviewUI/modules/ApplicationMaster/default.aspx?page=wrapper&key=733378&propkey=10545,DA25/2119,15/09/2025,"31 Walmer Av, SANCTUARY POINT"
https://www3.shoalhaven.nsw.gov.au/masterviewUI/modules/ApplicationMaster/default.aspx?page=wrapper&key=733491&propkey=88275,DA25/2127,15/09/2025,"2 The Basin Rd, ST GEORGES BASIN"
https://www3.shoalhaven.nsw.gov.au/masterviewUI/modules/ApplicationMaster/default.aspx?page=wrapper&key=733605&propkey=8513,DA25/2128,15/09/2025,"116 Leumeah St, SANCTUARY POINT"
https://www3.shoalhaven.nsw.gov.au/masterviewUI/modules/ApplicationMaster/default.aspx?page=wrapper&key=733677&propkey=1002755,DA25/2135,15/09/2025,"49 Kanuka Dr, ULLADULLA"
https://www3.shoalhaven.nsw.gov.au/masterviewUI/modules/ApplicationMaster/default.aspx?page=wrapper&key=733367&propkey=29322,DA25/2118,16/09/2025,"25 Tannery Rd, CAMBEWARRA VILLAGE"
https://www3.shoalhaven.nsw.gov.au/masterviewUI/modules/ApplicationMaster/default.aspx?page=wrapper&key=733644&propkey=1002692,DA25/2131,16/09/2025,"320 Princes Hwy, BOMADERRY
330 Princes Hwy, BOMADERRY"
https://www3.shoalhaven.nsw.gov.au/masterviewUI/modules/ApplicationMaster/default.aspx?page=wrapper&key=733264&propkey=1000758,MA25/1298,16/09/2025,"36A Birriley St, BOMADERRY"
https://www3.shoalhaven.nsw.gov.au/masterviewUI/modules/ApplicationMaster/default.aspx?page=wrapper&key=733777&propkey=15582,DA25/2140,17/09/2025,"14 Conjola St, ULLADULLA"
https://www3.shoalhaven.nsw.gov.au/masterviewUI/modules/ApplicationMaster/default.aspx?page=wrapper&key=733904&propkey=18398,DA25/2150,17/09/2025,"4 Hilltop Cr, MOLLYMOOK BEACH"
https://www3.shoalhaven.nsw.gov.au/masterviewUI/modules/ApplicationMaster/default.aspx?page=wrapper&key=733920&propkey=10741,DA25/2151,17/09/2025,"103 Warrego Dr, SANCTUARY POINT"
https://www3.shoalhaven.nsw.gov.au/masterviewUI/modules/ApplicationMaster/default.aspx?page=wrapper&key=733782&propkey=11406,DA25/2141,18/09/2025,"1 Jacobs Dr, SUSSEX INLET"
https://www3.shoalhaven.nsw.gov.au/masterviewUI/modules/ApplicationMaster/default.aspx?page=wrapper&key=733799&propkey=71387,DA25/2144,18/09/2025,"12 Huon St, CALLALA BAY"
https://www3.shoalhaven.nsw.gov.au/masterviewUI/modules/ApplicationMaster/default.aspx?page=wrapper&key=733853&propkey=1001109,DA25/2148,18/09/2025,"22 Bendoura St, MOLLYMOOK"
https://www3.shoalhaven.nsw.gov.au/masterviewUI/modules/ApplicationMaster/default.aspx?page=wrapper&key=733635&propkey=1002540,MA25/1304,18/09/2025,"Culburra Rd, CULBURRA BEACH
Culburra Rd, CULBURRA BEACH"
https://www3.shoalhaven.nsw.gov.au/masterviewUI/modules/ApplicationMaster/default.aspx?page=wrapper&key=733722&propkey=98206,MA25/1305,18/09/2025,"131 Allans Rd (Priv), BARRENGARRY"
https://www3.shoalhaven.nsw.gov.au/masterviewUI/modules/ApplicationMaster/default.aspx?page=wrapper&key=733894&propkey=90738,MA25/1309,18/09/2025,"445 Turpentine Rd, TOMERONG"
https://www3.shoalhaven.nsw.gov.au/masterviewUI/modules/ApplicationMaster/default.aspx?page=wrapper&key=733866&propkey=48909,DA25/2149,19/09/2025,"541 Little Forest Rd, LITTLE FOREST"
https://www3.shoalhaven.nsw.gov.au/masterviewUI/modules/ApplicationMaster/default.aspx?page=wrapper&key=733946&propkey=1001167,DA25/2154,19/09/2025,"40 Corks Lane, MILTON"
https://www3.shoalhaven.nsw.gov.au/masterviewUI/modules/ApplicationMaster/default.aspx?page=wrapper&key=734067&propkey=14140,DA25/2157,19/09/2025,"23 Waldegrave Cr, VINCENTIA"
https://www3.shoalhaven.nsw.gov.au/masterviewUI/modules/ApplicationMaster/default.aspx?page=wrapper&key=734113&propkey=1004,DA25/2165,19/09/2025,"50 Comarong St, GREENWELL POINT"
https://www3.shoalhaven.nsw.gov.au/masterviewUI/modules/ApplicationMaster/default.aspx?page=wrapper&key=733490&propkey=1001602,MA25/1303,19/09/2025,"21 Lakeshore Pde, SUSSEX INLET
Suncrest Av, SUSSEX INLET
Suncrest Av, SUSSEX INLET"
https://www3.shoalhaven.nsw.gov.au/masterviewUI/modules/ApplicationMaster/default.aspx?page=wrapper&key=733921&propkey=2239,DA25/2152,20/09/2025,"15 Agars Lane, BERRY"
https://www3.shoalhaven.nsw.gov.au/masterviewUI/modules/ApplicationMaster/default.aspx?page=wrapper&key=733642&propkey=1004954,DA25/2130,22/09/2025,"31 Alpha Road, BADAGARANG"
https://www3.shoalhaven.nsw.gov.au/masterviewUI/modules/ApplicationMaster/default.aspx?page=wrapper&key=733775&propkey=41084,DA25/2139,22/09/2025,"41 West St, NOWRA"
https://www3.shoalhaven.nsw.gov.au/masterviewUI/modules/ApplicationMaster/default.aspx?page=wrapper&key=733813&propkey=85030,DA25/2146,22/09/2025,"1 Beinda St, BOMADERRY
3 Beinda St, BOMADERRY"
https://www3.shoalhaven.nsw.gov.au/masterviewUI/modules/ApplicationMaster/default.aspx?page=wrapper&key=734100&propkey=17357,DA25/2161,22/09/2025,"97 Matron Porter Dr, NARRAWALLEE"
https://www3.shoalhaven.nsw.gov.au/masterviewUI/modules/ApplicationMaster/default.aspx?page=wrapper&key=734115&propkey=31473,DA25/2166,22/09/2025,"6 Woorin Cl, BOMADERRY"
https://www3.shoalhaven.nsw.gov.au/masterviewUI/modules/ApplicationMaster/default.aspx?page=wrapper&key=734209&propkey=26571,DA25/2175,23/09/2025,"7 Murramarang Rd, BAWLEY POINT"
https://www3.shoalhaven.nsw.gov.au/masterviewUI/modules/ApplicationMaster/default.aspx?page=wrapper&key=733933&propkey=38507,DA25/2153,24/09/2025,"9 Island Point Rd, ST GEORGES BASIN"
https://www3.shoalhaven.nsw.gov.au/masterviewUI/modules/ApplicationMaster/default.aspx?page=wrapper&key=734028&propkey=1003536,DA25/2156,24/09/2025,"11 Melville Pl, MILTON"
https://www3.shoalhaven.nsw.gov.au/masterviewUI/modules/ApplicationMaster/default.aspx?page=wrapper&key=734345&propkey=1005796,DA25/2184,24/09/2025,"35 Taurus St, BADAGARANG"
https://www3.shoalhaven.nsw.gov.au/masterviewUI/modules/ApplicationMaster/default.aspx?page=wrapper&key=734409&propkey=28579,DA25/2187,24/09/2025,"47 Sydney Av, CALLALA BAY"
https://www3.shoalhaven.nsw.gov.au/masterviewUI/modules/ApplicationMaster/default.aspx?page=wrapper&key=734294&propkey=17219,MA25/1312,24/09/2025,"22 Leo Dr, NARRAWALLEE"
https://www3.shoalhaven.nsw.gov.au/masterviewUI/modules/ApplicationMaster/default.aspx?page=wrapper&key=734243&propkey=44819,DA25/2177,26/09/2025,"1154A Burrier Rd, BURRIER"
https://www3.shoalhaven.nsw.gov.au/masterviewUI/modules/ApplicationMaster/default.aspx?page=wrapper&key=734539&propkey=4745,DA25/2191,26/09/2025,"5 The Marina, CULBURRA BEACH"
https://www3.shoalhaven.nsw.gov.au/masterviewUI/modules/ApplicationMaster/default.aspx?page=wrapper&key=734593&propkey=5557,DA25/2194,26/09/2025,"25 Audrey Av, BASIN VIEW"
https://www3.shoalhaven.nsw.gov.au/masterviewUI/modules/ApplicationMaster/default.aspx?page=wrapper&key=734248&propkey=98808,DA25/2178,28/09/2025,"D2706 Princes Hwy, WANDANDIAN"
https://www3.shoalhaven.nsw.gov.au/masterviewUI/modules/ApplicationMaster/default.aspx?page=wrapper&key=733824&propkey=97832,MA25/1308,28/09/2025,"11 Wandean Rd, WANDANDIAN
D2683 Princes Hwy, WANDANDIAN
D2685 Princes Hwy, WANDANDIAN"
https://www3.shoalhaven.nsw.gov.au/masterviewUI/modules/ApplicationMaster/default.aspx?page=wrapper&key=734360&propkey=1004275,DA25/2185,29/09/2025,"39 Wirraway Bvd, BADAGARANG"
https://www3.shoalhaven.nsw.gov.au/masterviewUI/modules/ApplicationMaster/default.aspx?page=wrapper&key=734617&propkey=86718,DA25/2197,30/09/2025,"8 Snapper Rd, HUSKISSON"
https://www3.shoalhaven.nsw.gov.au/masterviewUI/modules/ApplicationMaster/default.aspx?page=wrapper&key=734711&propkey=428,DA25/2202,30/09/2025,"29 Princess St, BERRY"
https://www3.shoalhaven.nsw.gov.au/masterviewUI/modules/ApplicationMaster/default.aspx?page=wrapper&key=734748&propkey=27393,DA25/2206,30/09/2025,"26 Chapman St, CALLALA BAY"
https://www3.shoalhaven.nsw.gov.au/masterviewUI/modules/ApplicationMaster/default.aspx?page=wrapper&key=734754&propkey=6768,DA25/2210,30/09/2025,"2 Loralyn Av, ST GEORGES BASIN"
https://www3.shoalhaven.nsw.gov.au/masterviewUI/modules/ApplicationMaster/default.aspx?page=wrapper&key=734606&propkey=11555,DA25/2195,1/10/2025,"11 Lagoon Cr, SUSSEX INLET"
https://www3.shoalhaven.nsw.gov.au/masterviewUI/modules/ApplicationMaster/default.aspx?page=wrapper&key=734659&propkey=882,DA25/2198,1/10/2025,"17 Boyd St, SHOALHAVEN HEADS"
https://www3.shoalhaven.nsw.gov.au/masterviewUI/modules/ApplicationMaster/default.aspx?page=wrapper&key=734705&propkey=55737,DA25/2201,1/10/2025,"55B Suffolk Rd, TOMERONG"
https://www3.shoalhaven.nsw.gov.au/masterviewUI/modules/ApplicationMaster/default.aspx?page=wrapper&key=734750&propkey=26418,DA25/2208,1/10/2025,"109 Malibu Dr, BAWLEY POINT"
https://www3.shoalhaven.nsw.gov.au/masterviewUI/modules/ApplicationMaster/default.aspx?page=wrapper&key=734839&propkey=17784,DA25/2220,1/10/2025,"27 Anker Av, MOLLYMOOK BEACH"
https://www3.shoalhaven.nsw.gov.au/masterviewUI/modules/ApplicationMaster/default.aspx?page=wrapper&key=734745&propkey=56842,DA25/2203,2/10/2025,"154 Woncor Av, NOWRA HILL"
https://www3.shoalhaven.nsw.gov.au/masterviewUI/modules/ApplicationMaster/default.aspx?page=wrapper&key=734757&propkey=45616,DA25/2211,2/10/2025,"844D Kangaroo Valley Rd, BELLAWONGARAH"
https://www3.shoalhaven.nsw.gov.au/masterviewUI/modules/ApplicationMaster/default.aspx?page=wrapper&key=734772&propkey=116496,DA25/2212,2/10/2025,"68 Rainford Rd, NOWRA"
https://www3.shoalhaven.nsw.gov.au/masterviewUI/modules/ApplicationMaster/default.aspx?page=wrapper&key=734944&propkey=314,MA25/1324,2/10/2025,"130 Kangaroo Valley Rd, BERRY"
https://www3.shoalhaven.nsw.gov.au/masterviewUI/modules/ApplicationMaster/default.aspx?page=wrapper&key=734792&propkey=50636,DA25/2213,3/10/2025,"102 Kalandar St, NOWRA"
https://www3.shoalhaven.nsw.gov.au/masterviewUI/modules/ApplicationMaster/default.aspx?page=wrapper&key=734937&propkey=83979,DA25/2225,3/10/2025,"34 Pebbly Beach Rd, EAST LYNNE"
https://www3.shoalhaven.nsw.gov.au/masterviewUI/modules/ApplicationMaster/default.aspx?page=wrapper&key=734911&propkey=15998,MA25/1323,3/10/2025,"42 Jubilee Av, ULLADULLA"
https://www3.shoalhaven.nsw.gov.au/masterviewUI/modules/ApplicationMaster/default.aspx?page=wrapper&key=734682&propkey=1001557,DA25/2199,6/10/2025,"46 Connors View, BERRY"
https://www3.shoalhaven.nsw.gov.au/masterviewUI/modules/ApplicationMaster/default.aspx?page=wrapper&key=734803&propkey=118119,DA25/2216,7/10/2025,"4/85 Tallwood Av, MOLLYMOOK BEACH"
https://www3.shoalhaven.nsw.gov.au/masterviewUI/modules/ApplicationMaster/default.aspx?page=wrapper&key=734858&propkey=14380,DA25/2221,7/10/2025,"37 Naval Pde, EROWAL BAY"
https://www3.shoalhaven.nsw.gov.au/masterviewUI/modules/ApplicationMaster/default.aspx?page=wrapper&key=734612&propkey=88177,MA25/1317,13/10/2025,"120 Flatrock Rd, MUNDAMIA
Flatrock Rd, MUNDAMIA"
https://www3.shoalhaven.nsw.gov.au/masterviewUI/modules/ApplicationMaster/default.aspx?page=wrapper&key=734852&propkey=29524,MA25/1322,13/10/2025,"Streamside St, WOOLLAMIA"
